{
  "drive": {
    "p": 0.000023,
    "i": 0.0000002,
    "d": 0.5,
    "f": 0,
    "iz": 0.0
  },
  "angle": {
    "p": 0.007,
    "i": 0.0000001,
    "d": 0,
    "f": 0,
    "iz": 0.001
  }
}